Unnamed: 0,Station_id,Station Name,Latitude,Longitude,NAME_1,NAME_2,Unnamed: 7
0,0,Los Angeles Convention Center,34.040539,-118.271387,California,Los Angeles,
1,1,California Air Resources Board,34.06872,-118.064,California,Los Angeles,
2,2,Galpin Motors,34.221665,-118.468371,California,Los Angeles,
3,3,Galleria at Tyler,33.909914,-117.459053,California,Riverside,
4,4,City of Pasadena - Holly Street Garage,34.14762,-118.147111,California,Los Angeles,
5,5,City of Pasadena - De Lacey Garage,34.145138,-118.152655,California,Los Angeles,
6,6,City of Pasadena - Schoolhouse Garage,34.145119,-118.150133,California,Los Angeles,
7,7,Pasadena Hilton,34.142973,-118.140553,California,Los Angeles,
8,8,Hyatt Regency Long Beach,33.7637,-118.192,California,Los Angeles,
9,9,Los Angeles International Airport (LAX) - Lot 6,33.94325,-118.403342,California,Los Angeles,
10,10,Northride Fashion Center,34.241116,-118.556708,California,Los Angeles,
11,11,Ontario Airport Hotel and Conference Center,34.07122,-117.575,California,San Bernardino,
12,12,Courtyard Marriott - Oxnard Ventura,34.228315,-119.170865,California,Ventura,
13,13,Hilton - Palm Springs,33.824004,-116.543589,California,Riverside,
14,14,East Bay Mini,37.700187,-121.876172,California,Alameda,
15,15,Inland Empire Foods,34.0189,-117.38,California,Riverside,
16,16,Sacramento International Airport - Daily A Lot,38.69005,-121.58889,California,Sacramento,
17,17,City of Santa Monica - Airport,34.017081,-118.44704,California,Los Angeles,
18,18,City of Santa Monica - Pier,34.010021,-118.49583,California,Los Angeles,
19,19,Westfield Fashion Square,34.156839,-118.434454,California,Los Angeles,
20,20,Van Nuys Amtrak/Metrolink Station,34.21108,-118.448704,California,Los Angeles,
21,21,Office Max - Home Depot,33.94756,-118.153806,California,Los Angeles,
22,22,Hyatt at Fisherman's Wharf,37.80619,-122.4152,California,San Francisco,
23,23,Arden Fair Mall,38.599693,-121.427045,California,Sacramento,
24,24,Palace Hotel,37.78881,-122.401,California,San Francisco,
25,25,Mark Hopkins InterContinental Hotel,37.791791,-122.411265,California,San Francisco,
26,26,Hotel Sofitel,34.076264,-118.377527,California,Los Angeles,
27,27,Music Center Parking - Level 2,34.057657,-118.24789,California,Los Angeles,
28,28,Balboa Golf Course,34.169242,-118.497212,California,Los Angeles,
29,29,California State University - Northridge,34.248959,-118.523887,California,Los Angeles,
30,30,California State University - Northridge,34.241687,-118.528543,California,Los Angeles,
31,31,California State University - Northridge,34.236853,-118.532588,California,Los Angeles,
32,32,Northridge Metrolink Station,34.229277,-118.544827,California,Los Angeles,
33,33,Los Angeles Harbor Department Headquarters,33.740758,-118.28192,California,Los Angeles,
34,34,Sylmar Metrolink Station,34.2924134,-118.4497914,California,Los Angeles,
35,35,Getty Center,34.077588,-118.474585,California,Los Angeles,
36,36,Los Angeles County - Arboretum,34.145528,-118.050548,California,Los Angeles,
37,37,City of Glendora - City Hall,34.13556,-117.864,California,Los Angeles,
38,38,DoubleTree Hotel - Los Angeles - Westside,33.9826,-118.3966,California,Los Angeles,
39,39,Helms Bakery Building,34.029971,-118.385231,California,Los Angeles,
40,40,Westfield MainPlace Mall,33.777054,-117.870566,California,Orange,
41,41,California State University - Channel Islands,34.16657602,-119.0458547,California,Ventura,
42,42,Brea Downtown Parking,33.919899,-117.898618,California,Orange,
43,43,Home Depot,34.192178,-118.934793,California,Ventura,
44,44,Lake Casitas Municipal Water District - Recreational Area,34.418322,-119.3368,California,Ventura,
45,45,San Dimas Park & Ride,34.105275,-117.809208,California,Los Angeles,
46,46,City of Pasadena - El Molino Lot,34.147709,-118.136621,California,Los Angeles,
47,47,Ventura County Government Center,34.267352,-119.2124,California,Ventura,
48,48,Ventura County Air Pollution Control District,34.268756,-119.2154,California,Ventura,
49,49,Pacific View Mall,34.268,-119.2492,California,Ventura,
50,50,University of California - Davis Extension - Lot 80,38.539336,-121.732405,California,Yolo,
51,51,Soquel & Front Garage,36.973393,-122.024849,California,Santa Cruz,
52,52,Fair Oaks - Orangevale - Community Library,38.66292,-121.2634,California,Sacramento,
53,53,Sutter Galleria Mall - University of California - Davis Extension,38.57277,-121.467902,California,Sacramento,
54,54,North Highlands Library,38.7042,-121.365,California,Sacramento,
55,55,University of California - Davis - Medical Center,38.552483,-121.4487,California,Sacramento,
56,56,City of Sacramento - Belle Cooledge Library,38.524403,-121.5112,California,Sacramento,
57,57,Mosquito Road Park and Ride,38.73323,-120.78962,California,El Dorado,
58,58,City of Vacaville - Cultural Center,38.356027,-121.9628,California,Solano,
59,59,City of Vacaville - Regional Transport Center,38.35172,-121.987,California,Solano,
60,60,Office of Housing & Redevelopment,38.356907,-122.001886,California,Solano,
61,61,KUIC Radio - Parking Lot,38.355867,-121.9862,California,Solano,
62,62,City of Vacaville - City Hall,38.351758,-121.994475,California,Solano,
63,63,Citrus Heights City Hall,38.682605,-121.297614,California,Sacramento,
64,64,El Dorado County Government Center,38.72799,-120.828,California,El Dorado,
65,65,El Dorado Transit Park & Ride,38.6476,-121.067,California,El Dorado,
66,66,CVS Pharmacy,38.74453,-121.17,California,Placer,
67,67,Carmichael Library,38.618066,-121.334337,California,Sacramento,
68,68,Fairfield City Hall,38.25281,-122.044229,California,Solano,
69,69,Solano Community College,38.23723,-122.123,California,Solano,
70,70,Los Angeles International Airport (LAX) - Lot 1,33.944761,-118.399767,California,Los Angeles,
71,71,Burlington International Airport,44.469281,-73.154972,Vermont,Chittenden,
72,72,City of Lacey - City Hall Parking,47.044011,-122.822404,Washington,Thurston,
73,73,Oregon Museum of Science and Industry (OMSI) - South Parking Lot,45.508396,-122.664667,Oregon,Multnomah,
74,74,City of Ukiah - Public Parking Lot,39.15,-123.2091,California,Mendocino,
75,75,Nut Tree Village,38.368755,-121.961192,California,Solano,
76,76,Placer County Community Development Resource Center,38.9412492,-121.1054805,California,Placer,
77,77,4th and G Plaza Public Parking Garage,38.54643,-121.7388,California,Yolo,
78,78,Davis Amtrak Station,38.5443,-121.738,California,Yolo,
79,79,University of California - Davis - Quad Parking Structure,38.544538,-121.749713,California,Yolo,
80,80,University Covenant Church,38.55755,-121.6947,California,Yolo,
81,81,Lakewood Center Mall,33.84788,-118.13889,California,Los Angeles,
82,82,Golden Gate Ferry Terminal,37.94495,-122.5096,California,Marin,
83,83,Oakland International Airport - Daily Lot,37.7136,-122.2087,California,Alameda,
84,84,City of Champaign - Hill Street Parking Deck,40.119161,-88.244185,Illinois,Champaign,
85,85,Discovery Center of Idaho,43.608009,-116.197968,Idaho,Ada,
86,86,Fairfield Transportation Center,38.2482,-122.0678,California,Solano,
87,87,LINCOLN CITY TAFT DUAL 1,44.928439,-124.015824,Oregon,Lincoln,
88,88,OUC RELIABLE 01,28.535975,-81.379663,Florida,Orange,
89,89,LBCC  LBCC DUAL 2,44.586123,-123.115389,Oregon,Linn,
90,90,Home Depot,35.249929,-120.689683,California,San Luis Obispo,
91,91,San Luis Obispo Promenade - Bed Bath & Beyond,35.25982,-120.676,California,San Luis Obispo,
92,92,Avista Corp,47.673347,-117.388933,Washington,Spokane,
93,93,Steam Plant Grill,47.654998,-117.425025,Washington,Spokane,
94,94,Kum & Go #4110,41.615759,-93.57875,Iowa,Polk,
95,95,Kum & Go #570,41.682385,-93.698315,Iowa,Polk,
96,96,Element Hotels - Ewing,40.286518,-74.807516,New Jersey,Mercer,
97,97,Lane Community College,44.009797,-123.033213,Oregon,Lane,
98,98,BROOKFIELD PROP 300 CLAY STAT1,29.756604,-95.372854,Texas,Harris,
99,99,City of Spartanburg - Municipal Parking Garage,34.950136,-81.93279,South Carolina,Spartanburg,
100,100,City of Spartanburg - Municipal Parking Garage,34.951926,-81.931714,South Carolina,Spartanburg,
101,101,City of Union Town Hall,34.715982,-81.624616,South Carolina,Union,
102,102,Whole Foods Market,41.157925,-73.240315,Connecticut,Fairfield,
103,103,Propark America - Omni Hotel Chapel Square Garage,41.305794,-72.927405,Connecticut,New Haven,
104,104,City of New Haven - Air Rights Garage,41.305265,-72.934141,Connecticut,New Haven,
105,105,City of New Haven - Temple Street Garage,41.304245,-72.928369,Connecticut,New Haven,
106,106,New London Parking Authority - Water Street Public Parking Garage,41.355486,-72.093784,Connecticut,New London,
107,107,Park 'N Fly - Bradley International Airport,41.951328,-72.663078,Connecticut,Hartford,
108,108,GATEWAYKENOSHA  HORIZON MAINLOT,42.592469,-87.915847,Wisconsin,Kenosha,
109,109,MGE GREENWAY STAT,43.091229,-89.52884,Wisconsin,Dane,
110,110,Spinx #149,34.042116,-80.939041,South Carolina,Richland,
111,111,Baker Electric Building,41.503373,-81.639054,Ohio,Cuyahoga,
113,113,OUC OUC OCCC 03,28.429015,-81.458938,Florida,Orange,
114,114,OUC OC MED EXAM 01,28.512494,-81.351919,Florida,Orange,
115,115,French Gerleman,38.694036,-90.4218,Missouri,Saint Louis,
116,116,HILLSBORO OR MAIN ST 1,45.522609,-122.988535,Oregon,Washington,
117,117,HILLSBORO OR EV-8,45.520533,-122.978089,Oregon,Washington,
118,118,BELLEVUE BELLEVUE CH 1,47.614744,-122.193162,Washington,King,
119,119,Oregon Museum of Science and Industry (OMSI) - North Parking Lot,45.509326,-122.666392,Oregon,Multnomah,
120,120,Liberty Park,40.74686,-111.876,Utah,Salt Lake,
121,121,Salt Lake City Main Library,40.759561,-111.883924,Utah,Salt Lake,
122,122,The Evergreen State College,47.071917,-122.976675,Washington,Thurston,
123,123,JCCC MTC,38.92591,-94.72819,Kansas,Johnson,
124,124,Courtyard Marriott - Hadley Amherst,42.36262,-72.5395,Massachusetts,Hampshire,
125,125,City of Delray Beach - Banker's Row Parking Lot,26.465314,-80.07219,Florida,Palm Beach,
126,126,KING COUNTY DOT ISSAQUAH P&R 2,47.545324,-122.0195,Washington,King,
127,127,SEAPORT GARAGE EAST GARAGE2 P1,42.349249,-71.041557,Massachusetts,Suffolk,
128,128,City of Columbia - Cannon Garage,34.00741493,-81.0348006,South Carolina,Richland,
129,129,City of Columbia - Washington Street Garage,34.003323,-81.035693,South Carolina,Richland,
130,130,City of Columbia - Arsenal Hill Garage,34.008409,-81.041802,South Carolina,Richland,
131,131,City of Columbia - Lincoln Street Garage,34.002255,-81.040219,South Carolina,Richland,
132,132,Greenville Zoo,34.84709,-82.387269,South Carolina,Greenville,
133,133,City of Greenville - Poinsett Garage,34.849724,-82.400667,South Carolina,Greenville,
134,134,City of Greenville - Spring Street Garage,34.849889,-82.397797,South Carolina,Greenville,
135,135,City of Greenville - Church Street Garage,34.852754,-82.393113,South Carolina,Greenville,
136,136,City of Columbia - Park Street Garage,33.997786,-81.036161,South Carolina,Richland,
137,137,City of Greenville - Commons Garage,34.852789,-82.396195,South Carolina,Greenville,
138,138,City of Greenville - Liberty Square Garage,34.85335,-82.394826,South Carolina,Greenville,
139,139,City of Greenville - Richardson Garage,34.852437,-82.399901,South Carolina,Greenville,
140,140,City of Rock Hill - Municipal Garage,34.925782,-81.028444,South Carolina,York,
141,141,Timken Sports Complex,34.716556,-81.648482,South Carolina,Union,
142,142,Lockhart Power,34.77993955,-81.45735907,South Carolina,Union,
143,143,Toyota of Santa Monica,34.019875,-118.49151,California,Los Angeles,
144,144,Beach & Hyde Garage,37.806798,-122.419488,California,San Francisco,
145,145,City of Santa Monica - Civic Parking Garage,34.010528,-118.4898,California,Los Angeles,
146,146,Denver International Airport - Canopy Airport Parking,39.843886,-104.771138,Colorado,Adams,
147,147,Town of Superior - Town Hall,39.953798,-105.166116,Colorado,Boulder,
148,148,Charles Hotel - Harvard Square,42.372442,-71.122882,Massachusetts,Middlesex,
149,149,Town of Dyer - Town Hall,41.492057,-87.522819,Indiana,Lake,
150,150,Peaches Bed & Breakfast,42.962078,-85.659019,Michigan,Kent,
151,151,City Hall Annex - Town of Normal,40.507796,-88.982897,Illinois,McLean,
152,152,College Avenue Parking Deck,40.511172,-88.984985,Illinois,McLean,
153,153,UWB CASCADIA CC NORTH LEVEL 3 N,47.761878,-122.191915,Washington,King,
154,154,CITY OF REDMOND CITY HALL DUAL,47.679224,-122.12995,Washington,King,
155,155,CITY OF REDMOND MOC #1 PUBLIC,47.672359,-122.099034,Washington,King,
156,156,MGE PINNACLE HEALTH,43.011411,-89.459112,Wisconsin,Dane,
157,157,MGE WILLY ST W,43.096636,-89.500008,Wisconsin,Dane,
158,158,City of Raleigh - Municipal Building,35.778416,-78.64347,North Carolina,Wake,
159,159,City of Raleigh - Downtown,35.77435,-78.642287,North Carolina,Wake,
160,160,Clay Cooley Nissan,30.206145,-97.759109,Texas,Travis,
161,161,Super 8 - Ukiah,39.1458,-123.198497,California,Mendocino,
162,162,Hotel Floyd,36.910575,-80.31736,Virginia,Floyd,
163,163,Virginia Commonwealth University (VCU) - West Broad Street Parking Deck,37.551409,-77.45233,Virginia,Richmond,
164,164,Oak Ridge Nissan,36.010279,-84.268049,Tennessee,Anderson,
166,166,McGavock Nissan - Abilene,32.408909,-99.771463,Texas,Taylor,
168,168,Don Davis Nissan,32.676458,-97.087169,Texas,Tarrant,
169,169,Town North Nissan,30.374542,-97.731445,Texas,Travis,
170,170,Baytown Nissan,29.807253,-94.97383365,Texas,Harris,
171,171,Mike Smith Nissan,30.062535,-94.133511,Texas,Jefferson,
172,172,Grubbs Nissan,32.839339,-97.160994,Texas,Tarrant,
173,173,Douglass Nissan,30.639201,-96.30671,Texas,Brazos,
174,174,Ed Hicks Nissan,27.73082,-97.416019,Texas,Nueces,
175,175,Clay Cooley Nissan,32.646784,-96.863492,Texas,Dallas,
177,177,Casa Nissan,31.783928,-106.417267,Texas,El Paso,
178,178,Viva Nissan,31.724024,-106.302211,Texas,El Paso,
179,179,Nissan of Fort Worth,32.721585,-97.478539,Texas,Tarrant,
180,180,Texas Nissan of Grapevine,32.928183,-97.09448,Texas,Tarrant,
182,182,Baker Nissan North,29.913418,-95.611942,Texas,Harris,
183,183,Central Houston Nissan,29.676558,-95.422537,Texas,Harris,
184,184,McDavid Nissan,29.625565,-95.22531,Texas,Harris,
185,185,Mossy Nissan,29.785494,-95.60022,Texas,Harris,
186,186,Tom Peacock Nissan,29.990205,-95.423096,Texas,Harris,
187,187,Robbins Nissan,29.990275,-95.275606,Texas,Harris,
188,188,Clay Cooley Nissan,32.849437,-96.914294,Texas,Dallas,
189,189,Katy Nissan,29.775354,-95.817237,Texas,Fort Bend,
193,193,Clear Lake Nissan,29.484543,-95.10255,Texas,Galveston,
194,194,AutoNation Nissan - Lewisville,33.022937,-96.988337,Texas,Denton,
196,196,McGavock Nissan,33.535048,-101.958266,Texas,Lubbock,
197,197,Nissan of McKinney,33.161606,-96.644662,Texas,Collin,
198,198,Trophy Nissan,32.829838,-96.629967,Texas,Dallas,
200,200,Twin City Nissan,29.953433,-94.0071,Texas,Jefferson,
201,201,Courtesy Nissan,32.97135,-96.719803,Texas,Dallas,
202,202,Gillman Nissan,29.534537,-95.772812,Texas,Fort Bend,
203,203,Round Rock Nissan,30.54205,-97.69265,Texas,Williamson,
205,205,Ancira Nissan,29.543147,-98.57544,Texas,Bexar,
206,206,Gunn Nissan,29.517253,-98.467365,Texas,Bexar,
207,207,Ingram Park Nissan,29.457047,-98.625324,Texas,Bexar,
208,208,World Car Nissan,29.556508,-98.34469,Texas,Bexar,
209,209,Nissan of San Marcos,30.4963137,-97.6809454,Texas,Williamson,
210,210,Nissan of Silsbee,30.314894,-94.18396,Texas,Hardin,
211,211,Sterling McCall Nissan,29.645808,-95.57612,Texas,Fort Bend,
213,213,Peltier Nissan,32.31165413,-95.34249986,Texas,Smith,
218,218,Passport Nissan - Alexandria,38.809675,-77.122192,Virginia,Alexandria,
219,219,Priority Nissan - Chantilly,38.899751,-77.460168,Virginia,Fairfax,
220,220,Colonial Nissan,38.086121,-78.474663,Virginia,Albemarle,
224,224,SCIENCE MUSEUM SCIENCE MUSEUM1,37.561646,-77.465974,Virginia,Richmond,
226,226,Brown's Dulles Nissan,39.010459,-77.438399,Virginia,Loudoun,
227,227,Priority Nissan,38.927033,-77.240836,Virginia,Fairfax,
228,228,Tri-State Nissan,39.156514,-78.147297,Virginia,Frederick,
229,229,Bellingham Nissan,48.755607,-122.454132,Washington,Whatcom,
230,230,Advantage Nissan,47.562162,-122.684286,Washington,Kitsap,
231,231,Burien Nissan,47.458466,-122.333257,Washington,King,
232,232,Campbell-Nelson Nissan,47.778229,-122.344838,Washington,Snohomish,
233,233,Olympia Nissan,47.031067,-122.930247,Washington,Thurston,
234,234,Bill Robertson Nissan,46.236607,-119.128998,Washington,Franklin,
235,235,Dan Wilder Nissan,48.102863,-123.342273,Washington,Clallam,
236,236,Bill Korum's Puyallup Nissan,47.207367,-122.294997,Washington,Pierce,
237,237,Younker Nissan,47.448354,-122.2188,Washington,King,
238,238,Wendle Nissan,47.739021,-117.409937,Washington,Spokane,
239,239,Dave Smith Nissan - Spokane,47.657264,-117.312518,Washington,Spokane,
240,240,Tacoma Nissan,47.21978,-122.48576,Washington,Pierce,
241,241,Alan Webb Nissan,45.648094,-122.597954,Washington,Clark,
242,242,O'Brien Nissan,46.047464,-118.353406,Washington,Walla Walla,
243,243,Mountain View Nissan,35.030251,-85.308376,Tennessee,Hamilton,
244,244,Harold Mathews Nissan,36.513006,-87.268667,Tennessee,Montgomery,
245,245,Cookeville Nissan,36.137109,-85.496453,Tennessee,Putnam,
248,248,Nissan of Cool Springs,35.957857,-86.80853,Tennessee,Williamson,
250,250,Tri-Cities Nissan,36.374198,-82.372119,Tennessee,Washington,
251,251,Wallace Nissan Oldsmobile,36.551978,-82.487762,Tennessee,Sullivan,
252,252,Ted Russell Nissan,35.920587,-84.067881,Tennessee,Knox,
253,253,Rusty Wallace Nissan,35.999617,-83.969451,Tennessee,Knox,
254,254,Nissan of Rivergate,36.29062,-86.7051,Tennessee,Davidson,
257,257,AutoNation Nissan - Memphis,35.0353,-89.795859,Tennessee,Shelby,
258,258,Jim Keras Nissan,35.181031,-89.895533,Tennessee,Shelby,
260,260,Nissan of Murfreesboro,35.854156,-86.394979,Tennessee,Rutherford,
261,261,Action Nissan,36.110606,-86.743585,Tennessee,Davidson,
262,262,Downtown Nashville Nissan,36.191053,-86.793132,Tennessee,Davidson,
263,263,Carr Nissan,45.491783,-122.81107,Oregon,Washington,
264,264,Lithia Nissan of Bend,44.055213,-121.277279,Oregon,Deschutes,
265,265,Kiefer Nissan,44.572608,-123.258425,Oregon,Benton,
266,266,Lithia Nissan of Eugene,44.05902085,-123.0813975,Oregon,Lane,
267,267,Dick Hannah Nissan,45.378967,-122.603899,Oregon,Clackamas,
268,268,Chuck Colvin Nissan,45.227394,-123.180863,Oregon,Yamhill,
269,269,Lithia Nissan,42.379969,-122.858192,Oregon,Jackson,
270,270,Rustom Nissan - Portland,45.531759,-122.537403,Oregon,Multnomah,
271,271,Nissan of Salem,44.921582,-123.006236,Oregon,Marion,
273,273,Tonkin Nissan,45.326814,-122.770853,Oregon,Clackamas,
274,274,Dick Smith Nissan,34.055164,-81.128164,South Carolina,Lexington,
275,275,Dick Smith Nissan,33.997902,-81.222504,South Carolina,Lexington,
276,276,Twin City Nissan,35.830725,-83.974822,Tennessee,Blount,
277,277,Wolfchase Nissan,35.205818,-89.791337,Tennessee,Shelby,
278,278,Dutch Miller Nissan,36.54282,-82.2354,Tennessee,Sullivan,
279,279,Nissan of Chattanooga East,35.056433,-85.190515,Tennessee,Hamilton,
280,280,Benton Nissan - Hoover,33.394903,-86.807186,Alabama,Jefferson,
281,281,Matt Bowers Nissan Eastern Shore,30.660697,-87.858464,Alabama,Baldwin,
282,282,Lynn Layton Nissan,34.563857,-86.972193,Alabama,Morgan,
283,283,Jack Ingram Motors,32.376832,-86.208559,Alabama,Montgomery,
284,284,Avondale Nissan,33.459826,-112.284168,Arizona,Maricopa,
285,285,AutoNation Nissan - Chandler,33.286316,-111.791107,Arizona,Maricopa,
287,287,East Valley Nissan,33.385361,-111.695062,Arizona,Maricopa,
288,288,Larry H Miller Nissan - Mesa,33.434313,-111.872266,Arizona,Maricopa,
289,289,Peoria Nissan,33.636921,-112.253682,Arizona,Maricopa,
290,290,ABC Nissan,33.509862,-112.054162,Arizona,Maricopa,
291,291,Coulter Nissan,33.605183,-112.420442,Arizona,Maricopa,
292,292,Midway Nissan,33.639038,-112.108088,Arizona,Maricopa,
293,293,Pinnacle Nissan,33.635224,-111.915739,Arizona,Maricopa,
294,294,AutoNation Nissan - Tempe,33.346812,-111.967793,Arizona,Maricopa,
295,295,Jim Click Nissan,32.289823,-110.985646,Arizona,Pima,
296,296,Thoroughbred Nissan,32.207374,-110.881798,Arizona,Pima,
297,297,Antioch Nissan,38.007799,-121.832042,California,Contra Costa,
298,298,Nissan of Bakersfield,35.310723,-119.035324,California,Kern,
299,299,Buena Park Nissan,33.865497,-117.995215,California,Orange,
300,300,Carson Nissan,33.824968,-118.245675,California,Los Angeles,
301,301,Palm Springs Nissan,33.78414,-116.471,California,Riverside,
302,302,Cerritos Nissan,33.861544,-118.100471,California,Los Angeles,
303,303,Chico Nissan,39.756332,-121.843715,California,Butte,
304,304,Puente Hills Nissan,33.997621,-117.928216,California,Los Angeles,
305,305,Lithia Nissan - Clovis,36.836818,-119.717629,California,Fresno,
306,306,Nissan of Serramonte,37.671267,-122.463541,California,San Mateo,
307,307,Autocom Nissan - Concord,37.980192,-122.050128,California,Contra Costa,
308,308,Larry H Miller Nissan,33.88309,-117.615292,California,Riverside,
309,309,Orange Coast Nissan,33.675397,-117.918684,California,Orange,
310,310,Hanlees Nissan,38.55252,-121.691555,California,Yolo,
311,311,Downey Nissan,33.9473,-118.151166,California,Los Angeles,
312,312,Nissan of Duarte,34.136553,-117.975944,California,Los Angeles,
313,313,Mossy Nissan - El Cajon,32.795896,-116.976156,California,San Diego,
314,314,Ross Nissan El Monte,34.069536,-118.026911,California,Los Angeles,
315,315,Nissan of Elk Grove,38.402217,-121.385527,California,Sacramento,
316,316,Mossy Nissan - Escondido,33.116492,-117.106837,California,San Diego,
317,317,McCrea Nissan,40.800562,-124.164405,California,Humboldt,
318,318,Future Nissan of Folsom,38.634132,-121.204871,California,Sacramento,
319,319,Fontana Nissan,34.135345,-117.445732,California,San Bernardino,
320,320,Premier Nissan of Fremont,37.489389,-121.9576,California,Alameda,
321,321,Lithia Nissan - Fresno,36.818622,-119.789796,California,Fresno,
322,322,Garden Grove Nissan,33.766376,-117.968337,California,Orange,
323,323,Gardena Nissan,33.889201,-118.307028,California,Los Angeles,
324,324,South County Nissan,36.996869,-121.558573,California,Santa Clara,
325,325,Glendale Nissan,34.137054,-118.25536,California,Los Angeles,
326,326,Santa Barbara Nissan,34.43427,-119.820934,California,Santa Barbara,
327,327,Hayward Nissan,37.662305,-122.075178,California,Alameda,
328,328,Pedder Nissan,33.741163,-117.031718,California,Riverside,
329,329,Surf City Nissan,33.71069,-117.989861,California,Orange,
330,330,Nissan of Irvine,33.632505,-117.723298,California,Orange,
331,331,Torre Nissan,33.70711,-116.283712,California,Riverside,
332,332,Nissan of Downtown Los Angeles,34.035168,-118.273229,California,Los Angeles,
333,333,Universal City Nissan,34.133446,-118.356601,California,Los Angeles,
334,334,Razzari Nissan,37.305891,-120.502428,California,Merced,
335,335,Nissan of Mission Hills,34.269809,-118.466606,California,Los Angeles,
336,336,Central Valley Nissan,37.705119,-120.99471,California,Stanislaus,
337,337,Metro Nissan of Montclair,34.082404,-117.694876,California,San Bernardino,
338,338,Metro Nissan of Redlands,34.065387,-117.212007,California,San Bernardino,
339,339,Napa Nissan,38.292706,-122.277767,California,Napa,
340,340,Mossy Nissan,32.659001,-117.100836,California,San Diego,
341,341,Mossy Nissan - Oceanside,33.181953,-117.298334,California,San Diego,
342,342,Stadium Nissan,33.80857,-117.864434,California,Orange,
343,343,Team Nissan,34.22771,-119.150217,California,Ventura,
344,344,Antelope Valley Nissan,34.591173,-118.138184,California,Los Angeles,
345,345,North Bay Nissan,38.267202,-122.665068,California,Sonoma,
346,346,Mossy Nissan - Poway,32.956772,-117.025943,California,San Diego,
347,347,Crown Nissan,40.571632,-122.36654,California,Shasta,
348,348,Boardwalk Nissan,37.495963,-122.227322,California,San Mateo,
349,349,Hanlees Hilltop Nissan,37.985253,-122.32124,California,Contra Costa,
350,350,Raceway Nissan,33.941878,-117.297603,California,Riverside,
351,351,Riverside Nissan,33.925469,-117.419673,California,Riverside,
352,352,Future Nissan of Roseville,38.752198,-121.256452,California,Placer,
353,353,Nissan of Sacramento,38.631393,-121.396604,California,Sacramento,
354,354,MY Nissan,36.720023,-121.662519,California,Monterey,
355,355,Larry H Miller Nissan of San Bernardino,34.074378,-117.298,California,San Bernardino,
356,356,Mossy Nissan - Kearny Mesa,32.833179,-117.147384,California,San Diego,
357,357,Pacific Nissan,32.802475,-117.215269,California,San Diego,
358,358,Nissan Sunnyvale,37.359362,-122.022783,California,Santa Clara,
359,359,Premier Nissan,37.275144,-121.877656,California,Santa Clara,
360,360,Nissan of San Juan Capistrano,33.47443,-117.676142,California,Orange,
361,361,San Leandro Nissan,37.712609,-122.162746,California,Alameda,
362,362,Coast Nissan,35.25062,-120.68455,California,San Luis Obispo,
363,363,Stevens Creek Nissan,37.323569,-121.988027,California,Santa Clara,
364,364,Jim Bone Nissan,38.425537,-122.714089,California,Sonoma,
365,365,Cardinale Nissan,36.611189,-121.849899,California,Monterey,
366,366,Nissan of Van Nuys,34.168824,-118.449059,California,Los Angeles,
367,367,First Nissan,34.277324,-118.778957,California,Ventura,
368,368,Nissan of Stockton,38.022022,-121.275339,California,San Joaquin,
369,369,Temecula Nissan,33.516768,-117.155039,California,Riverside,
370,370,Tracy Nissan,37.75990555,-121.4632052,California,San Joaquin,
371,371,Nissan of Tustin,33.72484,-117.799302,California,Orange,
372,372,Nissan of Vacaville,38.381441,-121.941218,California,Solano,
373,373,Champion Nissan,34.420546,-118.557774,California,Los Angeles,
374,374,Vallejo Nissan,38.118088,-122.255493,California,Solano,
375,375,Valley Hi Nissan,34.517883,-117.3219,California,San Bernardino,
376,376,Nissan of Visalia,36.32327,-119.27569,California,Tulare,
377,377,West Covina Nissan,34.074227,-117.890899,California,Los Angeles,
378,378,Firkins Nissan,27.462023,-82.578036,Florida,Manatee,
379,379,Maus Nissan,28.848733,-82.57947,Florida,Citrus,
380,380,Deland Nissan,28.983689,-81.300079,Florida,Volusia,
381,381,Delray Nissan,26.435016,-80.072333,Florida,Palm Beach,
382,382,Fort Lauderdale Nissan,26.109825,-80.137099,Florida,Broward,
383,383,Westside Nissan,30.288306,-81.730832,Florida,Duval,
384,384,Fuccillo Nissan,30.212415,-81.736209,Florida,Duval,
385,385,Rountree-Moore Nissan,30.18082,-82.702224,Florida,Columbia,
386,386,Bill Seidle's Nissan,25.783121,-80.366772,Florida,Miami-Dade,
387,387,Palmetto 57 Nissan,25.9262,-80.292105,Florida,Miami-Dade,
388,388,AutoNation Nissan - Miami,25.76506,-80.250516,Florida,Miami-Dade,
389,389,AutoNation Nissan - Kendall,25.609391,-80.348241,Florida,Miami-Dade,
390,390,AutoNation Nissan - Pembroke Pines,26.007358,-80.263072,Florida,Broward,
391,391,Alan Jay Nissan,27.485756,-81.481603,Florida,Highlands,
392,392,Wallace Nissan,27.152729,-80.217708,Florida,Martin,
393,393,Courtesy Nissan - Tampa,27.995139,-82.506186,Florida,Hillsborough,
394,394,Ferman Nissan - North Tampa,28.049764,-82.458596,Florida,Hillsborough,
396,396,Sutherlin Nissan - Mall of Georgia,34.075281,-83.98366,Georgia,Gwinnett,
397,397,Nalley Nissan of Atlanta,33.907866,-84.283186,Georgia,DeKalb,
398,398,Gwinnett Place Nissan,33.967935,-84.146036,Georgia,Gwinnett,
399,399,Stone Mountain Nissan,33.841932,-83.905677,Georgia,Walton,
400,400,AutoNation Nissan - Thornton Road,33.784015,-84.612737,Georgia,Douglas,
401,401,AutoNation Nissan - Marietta,33.92909,-84.50889,Georgia,Cobb,
402,402,Nissan South,33.566938,-84.344405,Georgia,Clayton,
403,403,Regal Nissan,34.022437,-84.327529,Georgia,Fulton,
404,404,Nissan South Union City,33.565412,-84.521117,Georgia,Fulton,
405,405,Five Star Nissan,32.555572,-83.66552,Georgia,Houston,
406,406,New City Nissan,21.335175,-157.88225,Hawaii,Honolulu,
407,407,Jim Falk Motors - Maui,20.8891,-156.458605,Hawaii,Maui,
408,408,King Windward Nissan,21.399116,-157.799326,Hawaii,Honolulu,
409,409,Tony Nissan,21.42849,-157.998343,Hawaii,Honolulu,
410,410,Municipal Garage,39.291785,-76.610539,Maryland,Baltimore,
411,411,Bel Air Nissan,39.505659,-76.382317,Maryland,Harford,
412,412,Community College of Baltimore County (CCBC),39.256947,-76.730918,Maryland,Baltimore,
413,413,Younger Nissan,39.391175,-77.407835,Maryland,Frederick,
414,414,Criswell Nissan,39.177414,-77.249773,Maryland,Montgomery,
415,415,Passport Nissan - Marlow Heights,38.82681,-76.923233,Maryland,Prince George's,
416,416,Darcars Nissan,39.113757,-77.161016,Maryland,Montgomery,
417,417,Herb Gordon Nissan,39.077447,-76.947933,Maryland,Montgomery,
418,418,Lawson Parking Ramp,44.946327,-93.095535,Minnesota,Ramsey,
419,419,World Trade Center Parking Ramp,44.948972,-93.0962,Minnesota,Ramsey,
420,420,Modern Nissan - Concord,35.392063,-80.622777,North Carolina,Cabarrus,
421,421,Fred Anderson Nissan,35.042419,-78.956747,North Carolina,Cumberland,
422,422,Vann Yorks High Point Nissan,35.937981,-79.996012,North Carolina,Guilford,
424,424,International Brotherhood of Electrical Workers 569 - NECA Electrical Training Center,32.823912,-117.12114,California,San Diego,
425,425,James River Air Conditioning,37.578536,-77.48754,Virginia,Henrico,
426,426,NV ENERGY 6100 NEIL RD 4,39.467032,-119.779038,Nevada,Washoe,
427,427,PIE AE OTC 3FL PKGSTA3,30.256917,-97.749169,Texas,Travis,
428,428,New River Nissan,37.1581,-80.4203,Virginia,Montgomery,
429,429,Hyman Brothers Nissan,37.50418,-77.61949,Virginia,Chesterfield,
430,430,KEY CENTER KEY CENTER 6,47.616104,-122.19696,Washington,King,
431,431,KRC SKYLINE SKYLINE #1,47.61434,-122.194037,Washington,King,
432,432,MGE PRINCE CLUB E,43.121878,-89.309902,Wisconsin,Dane,
433,433,MGE MID LIB GP,43.094649,-89.50964,Wisconsin,Dane,
434,434,Smart Center San Diego,32.82408524,-117.1471252,California,San Diego,
435,435,CITY OF HOLLAND 127 E 8TH,42.790376,-86.101511,Michigan,Ottawa,
436,436,3M Customer Innovation Center,44.96232,-93.0005,Minnesota,Ramsey,
437,437,South Carolina Technology and Aviation Center,34.756982,-82.383799,South Carolina,Greenville,
438,438,Stone's Cove Kitbar,38.951695,-77.409238,Virginia,Fairfax,
439,439,County of Greenville - County Square,34.840912,-82.400037,South Carolina,Greenville,
440,440,Furman University - Admissions Building,34.926241,-82.433164,South Carolina,Greenville,
441,441,Figaro Restaurant,41.997588,-72.583384,Connecticut,Hartford,
442,442,Jupiter Town Hall Complex,26.9322,-80.1027,Florida,Palm Beach,
443,443,City of Auburn Hills - Log Cabin Streetside Parking,42.6336,-83.220931,Michigan,Oakland,
444,444,DTE Energy - Headquarters Visitor Lot,42.33375168,-83.05662,Michigan,Wayne,
445,445,MGM Casino - Public Parking Structure,42.33476,-83.0608,Michigan,Wayne,
446,446,City of Rochester - City Hall & Municipal Park,42.683212,-83.1366,Michigan,Oakland,
447,447,Village of Rochester Hills,42.682914,-83.193236,Michigan,Oakland,
448,448,City of Saline - City Parking Lot #2,42.166498,-83.780162,Michigan,Washtenaw,
449,449,Cuyahoga Community College - Advanced Automotive Technology Center,41.36684,-81.7638,Ohio,Cuyahoga,
451,451,Annapolis Friends Meeting,39.001676,-76.525253,Maryland,Anne Arundel,
452,452,Richmond Ford Lincoln,37.578775,-77.489409,Virginia,Richmond,
453,453,Emagine Entertainment,42.455,-83.131111,Michigan,Oakland,
454,454,Marriott Hotel - Underground Deck,35.772881,-78.638502,North Carolina,Wake,
455,455,City of Raleigh - Performing Arts Center Deck,35.772619,-78.641492,North Carolina,Wake,
456,456,City of Raleigh - Wilmington Station Deck,35.77937,-78.638203,North Carolina,Wake,
457,457,Southern Oregon University - Lot 8,42.187149,-122.689496,Oregon,Jackson,
458,458,Atmosera,45.475743,-122.776517,Oregon,Washington,
459,459,Clackamas County Sheriff's Office - Brooks Building,45.43039547,-122.5722027,Oregon,Clackamas,
460,460,Jim Ellis Chevrolet,33.90999,-84.2914,Georgia,DeKalb,
461,461,O'Hare Airport - Short Term Parking,41.97850582,-87.90328,Illinois,Cook,
462,462,Neal's Garage,36.009999,-78.921405,North Carolina,Durham,
463,463,Kum & Go #408,36.379802,-94.177871,Arkansas,Benton,
464,464,OUC CAY COMMONS 01,28.424816,-81.445089,Florida,Orange,
465,465,OUC VISTA CAY 01,28.429047,-81.44937,Florida,Orange,
466,466,OUC WINGATE 1,28.485994,-81.457176,Florida,Orange,
467,467,Kum & Go #206,41.607327,-93.735902,Iowa,Polk,
468,468,Kum & Go #134,41.00709,-91.981752,Iowa,Jefferson,
469,469,Kum & Go #572,41.645933,-93.769432,Iowa,Polk,
470,470,CHARLES COUNTY INDIAN HEAD1,38.623533,-77.086898,Maryland,Charles,
471,471,CHARLES COUNTY CRAIN CENTER1,38.369101,-76.960389,Maryland,Charles,
472,472,Haworth Inn & Conference Center,42.78875732,-86.10360718,Michigan,Ottawa,
473,473,TC Chevrolet,42.219548,-122.740005,Oregon,Jackson,
475,475,Meridian Associates Inc,42.562222,-70.88959,Massachusetts,Essex,
476,476,NV ENERGY NV ENERGY 03,36.145081,-115.227058,Nevada,Clark,
477,477,Greenville-Spartanburg International Airport - Parking Lot B,34.889453,-82.215505,South Carolina,Spartanburg,
478,478,PIE AE ANIMAL SERVICE2,30.251357,-97.689015,Texas,Travis,
479,479,PIE AE PUBDITTMAR2,30.18534,-97.801184,Texas,Travis,
480,480,PIE AE PUB-STDAVIDSST1,30.268887,-97.738936,Texas,Travis,
481,481,Harrisonburg Electric Commission,38.447533,-78.870744,Virginia,Harrisonburg,
483,483,City of Kingsport - Parking Garage,36.547921,-82.56179,Tennessee,Sullivan,
484,484,MGE FITCHBURG CC,43.002006,-89.423463,Wisconsin,Dane,
485,485,MGE LAKE ST ADA,43.074008,-89.397267,Wisconsin,Dane,
486,486,MGE VILAS ZOO ADA,43.058323,-89.410359,Wisconsin,Dane,
487,487,Marsh Street Parking Structure,35.279705,-120.6609,California,San Luis Obispo,
488,488,Wilkerson Nature Preserve Park,35.92353,-78.599883,North Carolina,Wake,
490,490,HIGHLANDCHEVRON HIGHLAND DUAL 1,45.475962,-122.825561,Oregon,Washington,
491,491,IBEWLOCAL26JATC MANASSAS 1,38.803836,-77.516487,Virginia,Prince William,
492,492,CITY OF SEATAC CITY HALL 1,47.434021,-122.273183,Washington,King,
493,493,LEE COUNTY GOV ADMIN EAST,26.642789,-81.869132,Florida,Lee,
494,494,OUC SHERATON UNIT 1,28.463514,-81.461419,Florida,Orange,
495,495,OUC OUC GARDENIA 01,28.503733,-81.422651,Florida,Orange,
496,496,PALMER SQUARE CHAMBERS GARAGE,40.350118,-74.662732,New Jersey,Mercer,
497,497,Mission Trail Baptist Hospital,29.343808,-98.436931,Texas,Bexar,
498,498,Hawaii State Capitol Basement Parking Garage,21.30703,-157.857725,Hawaii,Honolulu,
499,499,Ka'ahumanu Hale First Circuit Court Parking Garage,21.302295,-157.861322,Hawaii,Honolulu,
500,500,Waikiki Beach Marriott,21.272518,-157.823246,Hawaii,Honolulu,
501,501,McHenry Row - Harris Teeter,39.26894,-76.5996,Maryland,Baltimore,
502,502,American Bush - Solar Canopy,40.714413,-111.900552,Utah,Salt Lake,
503,503,Anchor Nissan,41.96108,-71.494611,Rhode Island,Providence,
504,504,Net Zero USA,34.138312,-84.251109,Georgia,Forsyth,
505,505,CITY BRADENTON RIVERWALK,27.499076,-82.569442,Florida,Manatee,
506,506,Orlando Health - Dr. P Phillips Hospital,28.429987,-81.475116,Florida,Orange,
507,507,OUC OUC PERSHING 01,28.499373,-81.303897,Florida,Orange,
508,508,OUC OC FAMILY SERV,28.51288,-81.358702,Florida,Orange,
509,509,DON CESAR HOTEL EV CHARGER 01,27.709441,-82.736735,Florida,Pinellas,
510,510,HARVARD PILGRIM HPHCQ2,42.232376,-71.019877,Massachusetts,Norfolk,
511,511,Park 'N Fly,29.94917,-95.33138,Texas,Harris,
512,512,BELLEVUE SBCC #2,47.568871,-122.145285,Washington,King,
513,513,SAMMAMISH GARAGE 1,47.601657,-122.036938,Washington,King,
514,514,CITY BRADENTON JUDICIALGARAGE2,27.493279,-82.573234,Florida,Manatee,
515,515,Embassy Suites Hotel - Waikiki Beach Walk,21.279142,-157.831689,Hawaii,Honolulu,
516,516,Ohana Waikiki East,21.277846,-157.825052,Hawaii,Honolulu,
517,517,Raleigh Municipal Building Deck,35.779082,-78.641779,North Carolina,Wake,
518,518,City of Raleigh - Walnut Creek Wetland Center,35.760503,-78.625345,North Carolina,Wake,
519,519,City of Raleigh - Optimist Park and Community Center,35.862603,-78.643641,North Carolina,Wake,
520,520,City of Raleigh - Jaycee Park and Community Center,35.800443,-78.663445,North Carolina,Wake,
521,521,City of Raleigh - Wilders Grove,35.788789,-78.573106,North Carolina,Wake,
522,522,City of Raleigh - Transit Center,35.767483,-78.563464,North Carolina,Wake,
523,523,Giant Eagle #43 - Pine Township,40.632138,-80.054285,Pennsylvania,Allegheny,
524,524,Town of Normal - Public Works Department,40.496969,-89.004735,Illinois,McLean,
525,525,Beaufort Street Parking Deck,40.507954,-88.986429,Illinois,McLean,
526,526,Whole Foods Market,29.920829,-90.117642,Louisiana,Orleans,
527,527,Loyola University - New Orleans,29.9347,-90.120883,Louisiana,Orleans,
528,528,Heartland Community College - Workforce Development Center,40.535456,-89.013791,Illinois,McLean,
529,529,New Belgium Brewing,40.593417,-105.0684,Colorado,Larimer,
530,530,Ohio Statehouse Parking Garage,39.960356,-82.998458,Ohio,Franklin,
532,532,Marriott - Wailea Beach,20.688309,-156.439752,Hawaii,Maui,
533,533,Heartland Community College - Astroth Community Education Center,40.534785,-89.011493,Illinois,McLean,
534,534,CITY OF GR PARK GOV CENTER RAMP,42.969202,-85.670457,Michigan,Kent,
535,535,CITY OF GR PARK OTTAWA FULTON 1,42.963679,-85.670993,Michigan,Kent,
536,536,Ann Arbor Downtown Development Authority - Library Parking Structure,42.278754,-83.745565,Michigan,Washtenaw,
537,537,CITY OF GR PARK GALLERY PLACE,42.962871,-85.668737,Michigan,Kent,
539,539,Balise Nissan - Warwick,41.742755,-71.428289,Rhode Island,Kent,
540,540,Elizabeth Parking Authority - J Christian Bollwage Garage,40.663848,-74.216585,New Jersey,Union,
541,541,The Green Parking Garage,35.223874,-80.846273,North Carolina,Mecklenburg,
542,542,Eaton Corp,40.492883,-80.200182,Pennsylvania,Allegheny,
543,543,Tynan's Nissan,40.505604,-105.078041,Colorado,Larimer,
544,544,Mountain Energy Market of Vermont,43.199508,-72.820633,Vermont,Windham,
545,545,NATIONAL GRID CHILIS LEOMNSTR,42.525121,-71.713346,Massachusetts,Worcester,
546,546,NATIONAL GRID CHILIS WESTFORD,42.5703,-71.41896,Massachusetts,Middlesex,
547,547,NATIONAL GRID UNION STATION 1,42.260546,-71.794678,Massachusetts,Worcester,
548,548,UM PTS GRAND,39.290036,-76.621894,Maryland,Baltimore,
549,549,UM PTS PEARL #3,39.290764,-76.62439,Maryland,Baltimore,
550,550,UM PTS PRATT,39.28651,-76.624935,Maryland,Baltimore,
551,551,UM PTS PLAZA #1,39.28808,-76.622679,Maryland,Baltimore,
552,552,DTE Energy - Western Wayne Center,42.244351,-83.444131,Michigan,Wayne,
553,553,University of Detroit Mercy,42.41423,-83.1364,Michigan,Wayne,
554,554,ACC ROUNDROCK STAT4,30.563925,-97.658312,Texas,Williamson,
555,555,IBEW LOCAL 46 IBEW LOCAL 46 1,47.424222,-122.256619,Washington,King,
556,556,VALLEY MED CTR MAIN LOT #5,47.443255,-122.212445,Washington,King,
557,557,MGE ALDO LEOPOLD,43.054704,-89.321148,Wisconsin,Dane,
558,558,North Carolina State University - McKimmon Center and Solar House,35.78214,-78.6864,North Carolina,Wake,
559,559,Cambria Suites - Traverse City,44.763048,-85.585342,Michigan,Grand Traverse,
560,560,Great Escape Restaurant,41.955233,-87.865268,Illinois,Cook,
561,561,Taylor Automotive,35.49416,-79.180591,North Carolina,Lee,
562,562,EVSP WALGREENS STORE 13012,38.672391,-77.396964,Virginia,Prince William,
563,563,ACCESS MAIL EVSE UNIT 01,27.901732,-82.721249,Florida,Pinellas,
564,564,OUC HILTON UNIT 01,28.425298,-81.456277,Florida,Orange,
565,565,OUC STCL CITY HALL1,28.249967,-81.28294,Florida,Osceola,
566,566,OUC STCL SR CTR 1,28.250888,-81.279774,Florida,Osceola,
567,567,EVSP WALGREENS STORE 5623,39.326834,-76.681801,Maryland,Baltimore,
568,568,EVSP WALGREENS STORE 6396,39.334156,-76.495725,Maryland,Baltimore,
570,570,City of Columbia - Sumter Street Garage,34.004883,-81.032931,South Carolina,Richland,
571,571,City of Columbia - Lady Street Garage,34.002107,-81.035726,South Carolina,Richland,
572,572,Malibu Country Mart,34.035802,-118.686393,California,Los Angeles,
573,573,Golden Gate National Recreation Area - Crissy Field,37.806099,-122.449461,California,San Francisco,
574,574,Tampa Area Electrical JATC,27.988197,-82.392164,Florida,Hillsborough,
575,575,University of Connecticut - Motor Pool,41.811817,-72.261825,Connecticut,Tolland,
576,576,Nissan North America,35.940203,-86.813764,Tennessee,Williamson,
577,577,City of Renton - City Hall,47.474537,-122.204976,Washington,King,
578,578,TAC PW PARKING A ST GARAGE 01,47.253809,-122.437429,Washington,Pierce,
579,579,TAC PW PARKING GLASS MUSEUM 01,47.245934,-122.43398,Washington,Pierce,
580,580,Tremont Street Garage,39.742113,-104.991416,Colorado,Denver,
581,581,Greater Hartford Transit District - Spruce Street Lot,41.769417,-72.681825,Connecticut,Hartford,
582,582,Carriage Nissan,34.275207,-83.85946,Georgia,Hall,
583,583,Town Center Nissan,34.010005,-84.577162,Georgia,Cobb,
584,584,State Street Garage,42.358449,-71.055089,Massachusetts,Suffolk,
585,585,MASS AUDUBON JOPPA FLATS,42.799163,-70.847133,Massachusetts,Essex,
586,586,NATIONAL GRID CHILIS PLNVILLE,42.032751,-71.311914,Massachusetts,Norfolk,
587,587,Carolina Nissan,36.063557,-79.503697,North Carolina,Alamance,
588,588,North Carolina State University - Joyner Visitor Center,35.784037,-78.684667,North Carolina,Wake,
589,589,Carmine's Coal Fired Pizza,26.892152,-80.102668,Florida,Palm Beach,
590,590,City of Seattle - Central Library,47.606684,-122.332664,Washington,King,
591,591,City of Seattle - Seattle Center,47.622085,-122.347124,Washington,King,
592,592,Thruway Nissan,41.504105,-74.068916,New York,Orange,
593,593,Country Club Imports,42.451285,-75.100333,New York,Otsego,
594,594,West-Herr Nissan,42.784867,-78.76558,New York,Erie,
595,595,Nissan 112,40.792986,-73.00827,New York,Suffolk,
596,596,Huttig Nissan,44.667361,-73.444894,New York,Clinton,
597,597,Nissan City - Port Chester,40.996358,-73.669405,New York,Westchester,
598,598,Riverhead Auto Mall,40.924758,-72.704752,New York,Suffolk,
599,599,Dorschel Nissan,43.077581,-77.641934,New York,Monroe,
600,600,Nissan of Smithtown,40.859886,-73.162067,New York,Suffolk,
601,601,Lia Nissan,42.764517,-73.88522,New York,Albany,
602,602,Gregoris Motors,40.670497,-73.717206,New York,Nassau,
603,603,Legend Nissan,40.809865,-73.507761,New York,Nassau,
604,604,Serafini Nissan-Volvo,42.095812,-76.003703,New York,Broome,
605,605,Poughkeepsie Nissan,41.587383,-73.908392,New York,Dutchess,
606,606,Vision Nissan,43.204065,-77.478237,New York,Monroe,
607,607,Nissan of Westbury,40.753954,-73.561974,New York,Nassau,
608,608,West Herr Nissan - Williamsville,42.96275,-78.691132,New York,Erie,
609,609,Nissan of Yorktown Heights,41.289317,-73.835547,New York,Westchester,
610,610,Lee Nissan - Auburn,44.129326,-70.224225,Maine,Androscoggin,
611,611,Ann Arbor Downtown Development Authority - Ann Ashley Parking Structure,42.282617,-83.749329,Michigan,Washtenaw,
612,612,Ann Arbor Downtown Development Authority - Catherine and Fourth Surface Lot,42.283504,-83.747496,Michigan,Washtenaw,
613,613,Ann Arbor Downtown Development Authority - Forrest Parking Structure,42.274044,-83.733542,Michigan,Washtenaw,
614,614,Ann Arbor Downtown Development Authority - Maynard Parking Structure,42.278668,-83.742596,Michigan,Washtenaw,
615,615,Ann Arbor Downtown Development Authority - William Street Parking Structure,42.278461,-83.747741,Michigan,Washtenaw,
616,616,Ann Arbor Nissan,42.284242,-83.80855,Michigan,Washtenaw,
617,617,Gezon Nissan,43.035997,-85.618662,Michigan,Kent,
618,618,Fox Nissan,42.912537,-85.558232,Michigan,Kent,
619,619,Garber Nissan,43.486749,-83.973864,Michigan,Saginaw,
620,620,Traverse City Auto Plaza,44.743331,-85.594781,Michigan,Grand Traverse,
621,621,Suburban Nissan - Troy,42.553452,-83.175063,Michigan,Oakland,
622,622,Northern Wake Tech Community College,35.867552,-78.543695,North Carolina,Wake,
623,623,Whole Foods Market,35.898899,-78.650239,North Carolina,Wake,
624,624,Concord Nissan,43.187837,-71.497717,New Hampshire,Merrimack,
625,625,Port City Nissan,43.077355,-70.785285,New Hampshire,Rockingham,
626,626,Patriot Nissan,42.772666,-71.222512,New Hampshire,Rockingham,
627,627,Somersworth Nissan,43.257348,-70.900583,New Hampshire,Strafford,
629,629,Autoserv Nissan - Tilton,43.450949,-71.573167,New Hampshire,Belknap,
630,630,Destination Nissan,42.676971,-73.787334,New York,Albany,
631,631,Mike Barney Nissan,42.979725,-78.797346,New York,Erie,
633,633,Star Nissan,40.758245,-73.776954,New York,Queens,
634,634,Rockland Nissan,41.071072,-73.950866,New York,Rockland,
635,635,Bay Ridge Nissan,40.636324,-74.019228,New York,Kings,
636,636,Kings Nissan,40.589167,-73.960707,New York,Kings,
637,637,Burdick Nissan,43.147147,-76.114274,New York,Onondaga,
638,638,Hoselton Nissan,43.100001,-77.481422,New York,Monroe,
639,639,Rockaway Nissan,40.622268,-73.742699,New York,Nassau,
640,640,Maguire Nissan,42.435042,-76.5088,New York,Tompkins,
641,641,Nemet Motors,40.707242,-73.803844,New York,Queens,
642,642,Treiber Nissan,43.025044,-74.358103,New York,Fulton,
643,643,Nissan - Garden City,40.71693,-73.630152,New York,Nassau,
644,644,Simmons Rockwell Nissan,42.16246,-76.867435,New York,Chemung,
645,645,Nissan - Huntington,40.834455,-73.379693,New York,Suffolk,
646,646,Kingston Nissan,41.948965,-74.032033,New York,Ulster,
647,647,West Herr Nissan,43.128557,-78.696197,New York,Niagara,
648,648,Team Nissan,42.953204,-71.44115,New Hampshire,Hillsborough,
649,649,Nissan Kia - Middletown,41.40859,-74.413372,New York,Orange,
650,650,Nissan of New Rochelle,40.919104,-73.776645,New York,Westchester,
651,651,Bommarito Nissan - Ballwin,38.593551,-90.532572,Missouri,Saint Louis,
652,652,Joe Machens Nissan,38.967693,-92.334399,Missouri,Boone,
653,653,Fenton Nissan - Tiffany Spring,39.267153,-94.666038,Missouri,Platte,
654,654,Lee's Summit Nissan,38.901254,-94.34927,Missouri,Jackson,
655,655,Rolling Hills Nissan,39.780953,-94.800709,Missouri,Buchanan,
656,656,Suntrup Nissan-Volkswagen,38.5207,-90.343967,Missouri,Saint Louis,
657,657,Saint Charles Nissan,38.797781,-90.598753,Missouri,Saint Charles,
658,658,Asheville Chamber of Commerce & Visitors Center,35.597527,-82.560582,North Carolina,Buncombe,
659,659,College Street Parking Deck,35.597377,-82.549206,North Carolina,Buncombe,
660,660,Ingles Markets - Skyland Plaza,35.499836,-82.522586,North Carolina,Buncombe,
661,661,McLarty Daniel Nissan,36.34538,-94.182742,Arkansas,Benton,
663,663,Superior Nissan,36.112917,-94.144548,Arkansas,Washington,
665,665,Orr Nissan - Hot Springs,34.453266,-93.066286,Arkansas,Garland,
667,667,McLarty Nissan - Little Rock,34.711439,-92.404311,Arkansas,Pulaski,
668,668,McLarty Nissan - North Little Rock,34.810013,-92.205719,Arkansas,Pulaski,
669,669,Welch Motor Co,34.203951,-92.006625,Arkansas,Jefferson,
670,670,EVSP WALGREENS STORE 11241,33.577103,-117.723844,California,Orange,
671,671,Bridgeport Hospital,41.190701,-73.166282,Connecticut,Fairfield,
672,672,Lia Nissan - Enfield,41.997574,-72.574713,Connecticut,Hartford,
673,673,Harte Nissan,41.791382,-72.656681,Connecticut,Hartford,
674,674,Manchester City Nissan,41.814316,-72.507845,Connecticut,Hartford,
675,675,County Line Buick-Nissan,41.568122,-73.098764,Connecticut,New Haven,
676,676,Middletown Nissan,41.59054,-72.676141,Connecticut,Middlesex,
677,677,Napoli Nissan,41.209761,-73.083686,Connecticut,New Haven,
678,678,Executive Nissan,41.360892,-72.870997,Connecticut,New Haven,
679,679,Grossman Nissan,41.309276,-72.383105,Connecticut,Middlesex,
680,680,Barberino Nissan,41.467376,-72.817586,Connecticut,New Haven,
681,681,George Harte Nissan,41.307602,-72.968506,Connecticut,New Haven,
682,682,Hoffman Nissan,41.820371,-72.869319,Connecticut,Hartford,
683,683,Bruce Bennett Nissan,41.258992,-73.435546,Connecticut,Fairfield,
684,684,Weston Nissan,26.073774,-80.361864,Florida,Broward,
685,685,Gates Nissan,41.728247,-72.188445,Connecticut,Windham,
688,688,Dave Wright Nissan,42.04721375,-91.68081742,Iowa,Linn,
689,689,Lujack Nissan,41.558296,-90.578545,Iowa,Scott,
691,691,Valley Nissan,46.590246,-120.500687,Washington,Yakima,
694,694,NATIONAL GRID REVERE 99,42.410782,-70.996891,Massachusetts,Suffolk,
695,695,NATIONAL GRID ROCKLANDLIBRARY,42.132105,-70.916995,Massachusetts,Plymouth,
696,696,FAYETTEVILLE NC FRANKLIN 2,35.052556,-78.880206,North Carolina,Cumberland,
697,697,OUC AVALON PARK 1,28.510519,-81.154682,Florida,Orange,
698,698,OUC COO CNL P4-02,28.536837,-81.380623,Florida,Orange,
699,699,OUC STCL CIVIC CTR1,28.241623,-81.307326,Florida,Osceola,
700,700,WEST HALF 2 & 3 1400 JOYCE,38.861644,-77.064159,Virginia,Arlington,
701,701,Snohomish County - Evergreen Fairgrounds,47.868914,-121.987449,Washington,Snohomish,
702,702,CITY OF DUBLIN STATION 3,37.702909,-121.91835,California,Alameda,
703,703,Gates Nissan,37.761605,-84.273733,Kentucky,Madison,
705,705,Don Franklin Nissan - Lexington,37.997336,-84.441827,Kentucky,Fayette,
707,707,Bergeron Automotive,30.004818,-90.16093,Louisiana,Jefferson,
708,708,Van Meter Inc,41.645241,-91.545962,Iowa,Johnson,
710,710,Premier Nissan,39.646525,-80.002049,West Virginia,Monongalia,
711,711,Nissan of Omaha,41.264912,-96.187831,Nebraska,Douglas,
712,712,Elite Nissan of Bergenfield,40.917338,-73.997447,New Jersey,Bergen,
713,713,Lynnes Nissan City,40.784797,-74.193494,New Jersey,Essex,
714,714,Route 23 Nissan,40.991256,-74.347338,New Jersey,Morris,
715,715,Cherry Hill Nissan,39.939502,-75.011984,New Jersey,Camden,
716,716,Hilltop Nissan,40.807195,-74.371329,New Jersey,Morris,
717,717,Fred Beans Nissan - Flemington,40.48774,-74.86328,New Jersey,Hunterdon,
718,718,DCH Freehold Nissan,40.263381,-74.292408,New Jersey,Monmouth,
719,719,Mt. Holly Nissan,39.982438,-74.808764,New Jersey,Burlington,
720,720,Route 33 Nissan,40.229274,-74.672155,New Jersey,Mercer,
721,721,Route 17 Nissan,40.850992,-74.075092,New Jersey,Bergen,
722,722,Route 22 Nissan,40.696469,-74.219681,New Jersey,Union,
723,723,Pine Belt Nissan - Keyport,40.42832,-74.192387,New Jersey,Monmouth,
724,724,Causeway Nissan,39.701442,-74.271282,New Jersey,Ocean,
725,725,Acme Nissan,40.40938,-74.506017,New Jersey,Middlesex,
726,726,Sansone Jr's 66 Nissan,40.228608,-74.068718,New Jersey,Monmouth,
727,727,North Plainfield Nissan,40.630184,-74.433373,New Jersey,Somerset,
728,728,Nissan of Stanhope,40.929732,-74.71888,New Jersey,Sussex,
729,729,Pine Belt Automotive,39.961373,-74.180868,New Jersey,Ocean,
730,730,Nissan 46,40.894133,-74.232511,New Jersey,Passaic,
731,731,Ramsey Nissan,41.053216,-74.120288,New Jersey,Bergen,
732,732,Team Nissan,39.462013,-75.043179,New Jersey,Cumberland,
733,733,Woodbury Nissan,39.83206,-75.1581,New Jersey,Gloucester,
734,734,Fred Martin Nissan,40.978905,-81.494254,Ohio,Summit,
735,735,Jeff Schmitt Nissan,39.708775,-84.026292,Ohio,Greene,
736,736,Bedford Nissan,41.402746,-81.552724,Ohio,Cuyahoga,
737,737,Boardman Nissan,41.010633,-80.662082,Ohio,Mahoning,
738,738,Thayer Nissan,41.415799,-83.651786,Ohio,Wood,
739,739,Busam Motor Sales,39.285136,-84.447192,Ohio,Hamilton,
740,740,Jeff Wyler Nissan - Cincinnati,39.228991,-84.588623,Ohio,Hamilton,
741,741,Kings Nissan,39.295523,-84.311517,Ohio,Warren,
742,742,Germain Nissan,40.057068,-82.885518,Ohio,Franklin,
743,743,Ron Marhofer Nissan,41.11975,-81.48296,Ohio,Summit,
744,744,Matt Castrucci Nissan,39.638788,-84.221675,Ohio,Montgomery,
746,746,Jeff Wyler Nissan - Fairfield,39.329217,-84.517152,Ohio,Butler,
747,747,Warner Nissan,41.058412,-83.614262,Ohio,Hancock,
748,748,Buckeye Nissan,40.031602,-83.125728,Ohio,Franklin,
749,749,Reineke Nissan,40.757603,-84.146368,Ohio,Allen,
750,750,Nissan of Mansfield,40.759025,-82.567985,Ohio,Richland,
751,751,Ganley Nissan,41.519706,-81.461226,Ohio,Cuyahoga,
753,753,Mentor Nissan,41.68165,-81.339516,Ohio,Lake,
754,754,Nissan of North Olmsted,41.409652,-81.938059,Ohio,Cuyahoga,
755,755,I-90 Nissan,41.423584,-82.088115,Ohio,Lorain,
756,756,Nissan of Streetsboro,41.248333,-81.362879,Ohio,Portage,
757,757,Yark Nissan,41.675335,-83.684803,Ohio,Lucas,
758,758,Beau Townsend Nissan,39.888695,-84.218465,Ohio,Montgomery,
760,760,City of Charleston - Gaillard Auditorium,32.787311,-79.930037,South Carolina,Charleston,
761,761,City of Charleston - Queen Street Garage,32.777245,-79.933619,South Carolina,Charleston,
762,762,City of Charleston - Visitor Center Garage,32.790806,-79.938,South Carolina,Charleston,
763,763,Coastal Carolina University,33.799792,-79.01138,South Carolina,Horry,
764,764,Horry County Library,33.841727,-79.051177,South Carolina,Horry,
765,765,Horry Georgetown Technical College - Speir Building,33.661672,-78.937739,South Carolina,Horry,
766,766,City of Rock Hill - YMCA,34.977,-80.9771,South Carolina,York,
767,767,City of Rock Hill - City Hall,34.924189,-81.02889,South Carolina,York,
768,768,City of Spartanburg - Municipal Parking Garage,34.948192,-81.927953,South Carolina,Spartanburg,
769,769,City of Spartanburg - Municipal Parking Garage,34.949604,-81.933288,South Carolina,Spartanburg,
770,770,Spartanburg Marriott,34.954092,-81.933172,South Carolina,Spartanburg,
771,771,University of South Carolina - Union,34.716959,-81.621094,South Carolina,Union,
772,772,City of Conway - Public Parking Lot,33.836216,-79.048195,South Carolina,Horry,
773,773,City of Rock Hill - York County Airport,34.987457,-81.060145,South Carolina,York,
775,775,Waikele Center,21.400736,-158.002668,Hawaii,Honolulu,
778,778,Royal Nissan,30.439653,-91.085484,Louisiana,East Baton Rouge,
780,780,Jerry Rome Nissan,42.119685,-72.626476,Massachusetts,Hampden,
781,781,Westborough Mitsubishi,42.286247,-71.594009,Massachusetts,Worcester,
782,782,Kelly Nissan of Woburn,42.499069,-71.119302,Massachusetts,Middlesex,
784,784,Paul Barnett Nissan,31.578085,-90.463742,Mississippi,Lincoln,
785,785,Columbus Nissan,33.520806,-88.362801,Mississippi,Lowndes,
786,786,James Ceranti Nissan,33.400588,-91.008332,Mississippi,Washington,
789,789,Pat Peck Nissan,30.425992,-89.091508,Mississippi,Harrison,
793,793,Estabrook Motor Co,30.374076,-88.539909,Mississippi,Jackson,
795,795,Blackburn Nissan,32.325412,-90.866422,Mississippi,Warren,
796,796,"CHARLOTTE, NC CMGC STATION 4",35.221981,-80.839984,North Carolina,Mecklenburg,
799,799,Giles Nissan,30.165233,-92.083374,Louisiana,Lafayette,
800,800,Premier Nissan - Metairie,30.003547,-90.165986,Louisiana,Jefferson,
802,802,Matt Bowers Nissan,30.05165,-89.95182,Louisiana,Orleans,
804,804,Bertera Nissan,42.182748,-71.850396,Massachusetts,Worcester,
805,805,Battles Nissan,41.738842,-70.586069,Massachusetts,Barnstable,
806,806,Nissan 24,42.063356,-71.058186,Massachusetts,Plymouth,
807,807,Curry Nissan Chicopee,42.17889,-72.575914,Massachusetts,Hampden,
808,808,Country Nissan,42.340378,-72.606213,Massachusetts,Hampshire,
809,809,Balise Nissan - Cape Cod,41.663549,-70.299233,Massachusetts,Barnstable,
810,810,Sullivan Brothers Nissan,41.976052,-70.7127,Massachusetts,Plymouth,
811,811,Ron Bouchard's Nissan,42.520224,-71.70099,Massachusetts,Worcester,
812,812,Kelly Nissan - Lynnfield,42.509982,-71.008978,Massachusetts,Essex,
813,813,Marlborough Nissan,42.351115,-71.500717,Massachusetts,Middlesex,
814,814,Colonial Nissan - Medford,42.412492,-71.106619,Massachusetts,Middlesex,
815,815,Nissan Village of North Attleboro,41.960366,-71.342187,Massachusetts,Bristol,
816,816,Coastal Nissan,42.165417,-70.887748,Massachusetts,Plymouth,
817,817,Boch Nissan,42.192051,-71.18462,Massachusetts,Norfolk,
818,818,Haddad Nissan,42.445108,-73.256216,Massachusetts,Berkshire,
819,819,Quirk Nissan,42.253475,-70.991361,Massachusetts,Norfolk,
820,820,Mastria Nissan,41.904046,-71.017203,Massachusetts,Bristol,
821,821,Pearlridge Center,21.384853,-157.941842,Hawaii,Honolulu,
822,822,Ala Moana Hotel,21.29029,-157.839362,Hawaii,Honolulu,
823,823,Central Pacific Plaza,21.307588,-157.860698,Hawaii,Honolulu,
824,824,HMSA Center,21.29691,-157.8417,Hawaii,Honolulu,
825,825,"Hawaii Prince Hotel, Waikiki",21.28609,-157.84001,Hawaii,Honolulu,
826,826,Waikiki Beachcomber by Outrigger,21.278247,-157.827342,Hawaii,Honolulu,
827,827,Kahala Mall,21.277863,-157.786459,Hawaii,Honolulu,
828,828,Kaimuki Shopping Center,21.286596,-157.807802,Hawaii,Honolulu,
829,829,Kapolei Commons,21.330669,-158.08913,Hawaii,Honolulu,
830,830,Mark's Garage Honolulu HI,21.3114,-157.86082,Hawaii,Honolulu,
831,831,Ohana Honolulu Airport Hotel,21.336826,-157.917527,Hawaii,Honolulu,
832,832,Ohana Waikiki Malia,21.280988,-157.828268,Hawaii,Honolulu,
833,833,Ohana Waikiki West,21.278818,-157.825031,Hawaii,Honolulu,
834,834,Outrigger Reef,21.27858,-157.832725,Hawaii,Honolulu,
835,835,Outrigger Waikiki,21.269797,-157.822152,Hawaii,Honolulu,
836,836,Ross & Pagoda Hotel Garage,21.294867,-157.8408,Hawaii,Honolulu,
837,837,Topa Financial Center,21.30761,-157.86377,Hawaii,Honolulu,
838,838,HawaiiUSA Federal Credit Union,21.31554,-157.86213,Hawaii,Honolulu,
839,839,Waikiki Galleria Tower,21.280349,-157.828812,Hawaii,Honolulu,
840,840,Waikiki Parc Hotel,21.278092,-157.830594,Hawaii,Honolulu,
841,841,Kahana Gateway Retail,20.97289,-156.67797,Hawaii,Maui,
842,842,Turtle Bay Resort Hawaii,21.70444,-157.99679,Hawaii,Honolulu,
843,843,Kona Commons,19.65101,-156.00357,Hawaii,Hawaii,
844,844,Kihei Town Center,20.73361,-156.45222,Hawaii,Maui,
845,845,Hapuna Beach Prince Hotel,19.99483,-155.82305,Hawaii,Hawaii,
846,846,Mauna Kea Beach Hotel,20.00707,-155.8247,Hawaii,Hawaii,
847,847,Marriott - Waiohai Beach Club,21.874944,-159.456719,Hawaii,Kauai,
848,848,Sheraton Maui Resort & Spa,20.92587,-156.69357,Hawaii,Maui,
849,849,Kauai Marriott Resort & Beach Club,21.965581,-159.357212,Hawaii,Kauai,
850,850,Kuhio Nissan,21.968189,-159.357009,Hawaii,Kauai,
851,851,Moanalua Shopping Center,21.34361,-157.988348,Hawaii,Honolulu,
852,852,Princeville Shopping Center,22.212721,-159.476393,Hawaii,Kauai,
853,853,Westin Princeville Resort,22.222851,-159.46862,Hawaii,Kauai,
854,854,"Four Seasons Resort, Wailea",20.67927,-156.44165,Hawaii,Maui,
855,855,Maui Memorial Medical Center,20.884721,-156.488527,Hawaii,Maui,
856,856,Kaiser Waipio Clinic Hawaii,21.42579,-157.99713,Hawaii,Honolulu,
857,857,City of Auburn Hills - Administrative Campus,42.670667,-83.220974,Michigan,Oakland,
858,858,Amador Transit,38.379983,-120.807672,California,Amador,
859,859,PMC Enterprises,33.020179,-83.912616,Georgia,Monroe,
860,860,Solar by Harrimans,27.083031,-82.42344,Florida,Sarasota,
861,861,Courtyard By Marriott - Plano Parkway,33.01736,-96.7937,Texas,Collin,
862,862,Richland County - Community Center,43.3440922,-90.3889595,Wisconsin,Richland,
863,863,City of Durham - Goldenbelt,35.99017,-78.8902,North Carolina,Durham,
864,864,Michael Jordan Nissan,35.97051751,-78.95684759,North Carolina,Durham,
865,865,Workhorse,39.283991,-84.301826,Ohio,Hamilton,
866,866,Waikem Auto Family,40.794689,-81.462403,Ohio,Stark,
867,867,GOOGLE PIT-BAK-3-02,40.457724,-79.916569,Pennsylvania,Allegheny,
868,868,Dick Smith Nissan,34.111189,-80.896093,South Carolina,Richland,
869,869,Liberty Mitsubishi,44.076491,-103.189869,South Dakota,Pennington,
870,870,Golden Gate Park - Music Concourse Garage,37.768766,-122.468341,California,San Francisco,
871,871,Cupertino Electric,37.36217973,-121.8995386,California,Santa Clara,
872,872,Vaden Nissan,31.986772,-81.13254,Georgia,Chatham,
876,876,Valdosta Nissan,30.883336,-83.269586,Georgia,Lowndes,
878,878,Best Western - Plaza Hotel,21.336212,-157.913447,Hawaii,Honolulu,
879,879,C&C HONOLULU FASI CIVIC CTR,21.304625,-157.853919,Hawaii,Honolulu,
880,880,Hilton - Waikiki Beach,21.275234,-157.821849,Hawaii,Honolulu,
881,881,Tynan's Nissan,39.702351,-104.865298,Colorado,Arapahoe,
882,882,Boulder Nissan,40.025019,-105.258915,Colorado,Boulder,
883,883,Larry H Miller Nissan - Arapahoe,39.594525,-104.872435,Colorado,Arapahoe,
884,884,South Colorado Springs Nissan,38.81233,-104.756795,Colorado,El Paso,
885,885,Woodmen Nissan,38.931011,-104.811075,Colorado,El Paso,
886,886,Nissan of Durango,37.269708,-107.907728,Colorado,La Plata,
887,887,Greeley Nissan,40.39443,-104.736034,Colorado,Weld,
888,888,Empire Lakewood Nissan,39.732606,-105.163711,Colorado,Jefferson,
889,889,Empire Littleton Nissan,39.626641,-105.090506,Colorado,Denver,
890,890,Valley Nissan,40.151989,-105.108644,Colorado,Boulder,
891,891,Dave Solon Nissan,38.312144,-104.640891,Colorado,Pueblo,
892,892,Crowley Nissan,41.699374,-72.894672,Connecticut,Hartford,
893,893,Goodwin University,41.749499,-72.639362,Connecticut,Hartford,
894,894,Town of East Haven,41.277368,-72.871663,Connecticut,New Haven,
895,895,Connecticut Department of Energy and Environmental Protection,41.763294,-72.678633,Connecticut,Hartford,
896,896,Summer Street Garage,41.054155,-73.541625,Connecticut,Fairfield,
897,897,Sheridan Nissan,39.663533,-75.605014,Delaware,New Castle,
898,898,Porter Nissan,39.687222,-75.740488,Delaware,New Castle,
900,900,Fuccillo Nissan,27.911345,-82.728797,Florida,Pinellas,
901,901,Lokey Nissan,28.024503,-82.738817,Florida,Pinellas,
902,902,Coral Springs Nissan,26.23871,-80.251886,Florida,Broward,
903,903,Daytona Nissan,29.215495,-81.10534,Florida,Volusia,
904,904,Sutherlin Nissan,26.539388,-81.870692,Florida,Lee,
905,905,Sutherlin Nissan,27.377265,-80.326861,Florida,Saint Lucie,
906,906,Gainesville Nissan,29.689296,-82.318596,Florida,Alachua,
907,907,Coggin Nissan,30.324014,-81.524719,Florida,Duval,
908,908,Coggin Nissan at the Avenues,30.172215,-81.544583,Florida,Duval,
909,909,Jenkins Nissan,28.09809,-81.949333,Florida,Polk,
910,910,Jenkins Nissan,28.822813,-81.787457,Florida,Lake,
911,911,Bill Ray Nissan,28.724709,-81.316556,Florida,Seminole,
912,912,Miller & Miller Nissan,30.782356,-85.245729,Florida,Jackson,
913,913,Nissan of Melbourne,28.101637,-80.614492,Florida,Brevard,
914,914,Maus Nissan,28.21583,-82.739071,Florida,Pasco,
915,915,Pearson Nissan of Ocala,29.171608,-82.161506,Florida,Marion,
916,916,Marriott Grand Vista,28.3984649,-81.4537093,Florida,Orange,
917,917,Reed Motors,28.551681,-81.424557,Florida,Orange,
918,918,Sutherlin Nissan - Orlando,28.5684,-81.27715,Florida,Orange,
919,919,Universal Nissan,28.38053,-81.403658,Florida,Orange,
920,920,Beck Nissan,29.663189,-81.656096,Florida,Putnam,
921,921,John Lee Nissan,30.188966,-85.656853,Florida,Bay,
922,922,Sandy Sansing Nissan,30.47414,-87.249675,Florida,Escambia,
923,923,Performance Nissan,26.21375,-80.10699,Florida,Broward,
924,924,Naples Nissan,26.211419,-81.744746,Florida,Collier,
925,925,West Palm Beach Nissan,26.782347,-80.09792,Florida,Palm Beach,
926,926,Southern 441 Nissan,26.680654,-80.198008,Florida,Palm Beach,
927,927,Nissan of Saint Augustine,29.844721,-81.323289,Florida,Saint Johns,
928,928,Crown Nissan,27.818805,-82.678474,Florida,Pinellas,
929,929,Gettel Nissan - Sarasota,27.298292,-82.499125,Florida,Sarasota,
930,930,Kraft Nissan,30.462438,-84.221215,Florida,Leon,
931,931,Pat Fischer Nissan,28.602972,-80.808957,Florida,Brevard,
932,932,Nissan of Venice,27.090886,-82.433092,Florida,Sarasota,
933,933,Wesley Chapel Nissan,28.23835,-82.344239,Florida,Pasco,
935,935,Hilton Garden Inn - Marietta,33.9064807,-84.4639319,Georgia,Cobb,
936,936,Nissan of Augusta,33.515068,-82.067573,Georgia,Richmond,
937,937,Nissan of Athens,33.940287,-83.49648,Georgia,Clarke,
938,938,Scott Evans Nissan,33.587958,-85.053239,Georgia,Carroll,
939,939,Nissan Headquarters - Columbus,32.539843,-84.965676,Georgia,Muscogee,
941,941,Butler Nissan,32.915302,-83.70634,Georgia,Bibb,
942,942,Childre Nissan,33.106139,-83.257757,Georgia,Baldwin,
945,945,Lynch Nissan - Auburn,32.559745,-85.50088,Alabama,Lee,
946,946,Benton Nissan - Bessemer,33.363169,-87.007652,Alabama,Jefferson,
947,947,Jim Burke Nissan,33.512147,-86.816519,Alabama,Jefferson,
948,948,Serra Nissan,33.624698,-86.686454,Alabama,Jefferson,
950,950,Bondy's Nissan,31.231097,-85.447945,Alabama,Houston,
954,954,Landers McLarty Nissan,34.748967,-86.690944,Alabama,Madison,
955,955,Nissan of Mobile,30.669173,-88.12657,Alabama,Mobile,
956,956,Benton Nissan,33.594279,-85.876568,Alabama,Calhoun,
957,957,Nissan of Burlingame,37.57792,-122.341931,California,San Mateo,
958,958,CITYOF CAMPBELL 2NDST GARAGE UL,37.287593,-121.946908,California,Santa Clara,
959,959,Dublin Nissan,37.702828,-121.911087,California,Alameda,
960,960,Stone Brewing World Bistro & Gardens,33.11587,-117.11955,California,San Diego,
961,961,Momentum Nissan,38.244614,-122.079181,California,Solano,
962,962,Renaissance Indian Wells Resort & Spa,33.72323,-116.324409,California,Riverside,
963,963,Los Angeles County - Museum of Art,34.063383,-118.35808,California,Los Angeles,
964,964,Empire Nissan,34.049006,-117.547161,California,San Bernardino,
965,965,Kaiser Honolulu Clinic,21.301035,-157.846302,Hawaii,Honolulu,
966,966,Kaiser Permanente - Moanalua Medical Center,21.362292,-157.900139,Hawaii,Honolulu,
967,967,Queen's Physician Office Building,21.308447,-157.853161,Hawaii,Honolulu,
968,968,Ace Hardware,21.329863,-158.086621,Hawaii,Honolulu,
969,969,Grand Hyatt Kauai,21.876457,-159.44208,Hawaii,Kauai,
970,970,Lihue Civic Center - Piikoi Building - Public Access,21.975084,-159.369044,Hawaii,Kauai,
971,971,Kapolei Judiciary,21.326903,-158.085721,Hawaii,Honolulu,
972,972,Paulson Electric,41.947533,-91.6870579,Iowa,Linn,
973,973,Tri-City Electric,41.5829247,-90.5713513,Iowa,Scott,
974,974,Dennis Dillon Nissan,43.619031,-116.29091,Idaho,Ada,
976,976,Arlington Nissan,42.139843,-87.996655,Illinois,Cook,
977,977,O'Brien Nissan,40.459154,-88.966191,Illinois,McLean,
978,978,Monken Nissan - Centralia,38.533452,-89.172979,Illinois,Clinton,
979,979,Berman Nissan - Chicago,41.953751,-87.739697,Illinois,Cook,
980,980,Continental Nissan,41.78586,-87.8685,Illinois,Cook,
981,981,Jim M'Lady Nissan,42.226647,-88.306745,Illinois,McHenry,
982,982,Crown Nissan - Decatur,39.876094,-88.959111,Illinois,Macon,
983,983,Ken Nelson Auto Plaza,41.856583,-89.489398,Illinois,Lee,
984,984,Bill Kay's Nissan - Downers Grove,41.807887,-88.024848,Illinois,Dupage,
985,985,McGrath Nissan,42.033769,-88.255193,Illinois,Cook,
986,986,The Autobarn Nissan,42.03616,-87.680149,Illinois,Cook,
987,987,Galesburg Nissan,40.973058,-90.383695,Illinois,Knox,
988,988,KANE COUNTY KANE COURTHOUSE,41.886523,-88.309239,Illinois,Kane,
989,989,Glendale Nissan,41.904021,-88.068043,Illinois,Dupage,
990,990,Gerald Nissan - North Aurora,41.798401,-88.37177,Illinois,Kane,
991,991,Auffenberg Nissan,38.596106,-89.956489,Illinois,Saint Clair,
992,992,Nissan of St Charles,41.920486,-88.284011,Illinois,Kane,
993,993,Purdue University - Armory,40.4277617,-86.9162607,Indiana,Tippecanoe,
994,994,Purdue University - Grant Street Parking Garage,40.4244203,-86.9103211,Indiana,Tippecanoe,
995,995,Purdue University - Northwestern Parking Garage,40.4296753,-86.9120266,Indiana,Tippecanoe,
996,996,JOHNSON COUNTY YOUTH&FAMILY,38.88768,-94.830627,Kansas,Johnson,
998,998,Don Franklin Nissan - Lexington,37.997336,-84.441827,Kentucky,Fayette,
999,999,University of Louisville - Belknap Parking Garage,38.2158706,-85.7548686,Kentucky,Jefferson,
1000,1000,Loyola University - New Orleans,29.937545,-90.127308,Louisiana,Orleans,
1001,1001,State Street Financial Center Parking,42.3529541,-71.0579565,Massachusetts,Suffolk,
1002,1002,Cross Insurance,44.434846,-68.369482,Maine,Hancock,
1004,1004,City of Rancho Cucamonga - Archibald Library,34.120214,-117.593952,California,San Bernardino,
1005,1005,City of Rancho Cucamonga - City Hall,34.10303,-117.576,California,San Bernardino,
1006,1006,City of Rancho Cucamonga - Animal Care & Adoption Center,34.100456,-117.54918,California,San Bernardino,
1007,1007,City of Rancho Cucamonga - Red Hill Community Park,34.11787,-117.611,California,San Bernardino,
1008,1008,City of Rancho Cucamonga - Heritage Community Park,34.154033,-117.607446,California,San Bernardino,
1009,1009,Illinois Institute of Technology,41.83545303,-87.62598419,Illinois,Cook,
1010,1010,Advocate BroMenn Medical Center,40.49813,-88.991628,Illinois,McLean,
1011,1011,Friendship Nissan,35.334675,-81.892822,North Carolina,Rutherford,
1012,1012,Gastonia Nissan,35.261109,-81.139708,North Carolina,Gaston,
1013,1013,Deacon Jones Nissan,35.400146,-78.014743,North Carolina,Wayne,
1014,1014,Crown Nissan,36.060613,-79.876505,North Carolina,Guilford,
1015,1015,Greenville Nissan,35.571982,-77.408327,North Carolina,Pitt,
1016,1016,City of Hendersonville - Dogwood Parking Lot,35.316931,-82.461565,North Carolina,Henderson,
1017,1017,Hunter Nissan,35.301937,-82.440374,North Carolina,Henderson,
1020,1020,Montreat College,35.64569,-82.296916,North Carolina,Buncombe,
1022,1022,Reidsville Nissan,36.323241,-79.686657,North Carolina,Rockingham,
1023,1023,Nissan of Roanoke Rapids,36.42331,-77.635287,North Carolina,Halifax,
1024,1024,Griffin Nissan,34.918104,-79.744733,North Carolina,Richmond,
1025,1025,Simmons Nissan,36.480616,-80.616003,North Carolina,Surry,
1027,1027,Classic Nissan - Sanford,35.44411,-79.1282,North Carolina,Lee,
1028,1028,Pinehurst Nissan,35.161067,-79.421191,North Carolina,Moore,
1029,1029,Classic Nissan - Statesville,35.770417,-80.858363,North Carolina,Iredell,
1030,1030,Crossroads Nissan - Wake Forest,35.948971,-78.539171,North Carolina,Wake,
1032,1032,Capital Nissan - Wilmington,34.24769,-77.865815,North Carolina,New Hanover,
1033,1033,Lee Nissan,35.756003,-77.9753,North Carolina,Wilson,
1034,1034,Modern Nissan,36.179741,-80.275364,North Carolina,Forsyth,
1035,1035,Bob Moore Nissan - Norman,35.266483,-97.487255,Oklahoma,Cleveland,
1036,1036,Orr Nissan - West,35.570933,-97.670511,Oklahoma,Oklahoma,
1037,1037,Orr Nissan - Central,35.39119,-97.509251,Oklahoma,Oklahoma,
1038,1038,Jackie Cooper Nissan,36.021596,-95.887791,Oklahoma,Tulsa,
1039,1039,West Hills Collision Center,45.464636,-122.698892,Oregon,Multnomah,
1040,1040,Grainger Nissan - Anderson,34.550557,-82.674669,South Carolina,Anderson,
1042,1042,Hudson Nissan,32.788017,-80.017363,South Carolina,Charleston,
1045,1045,Crown Nissan - Greenville,34.81781,-82.341027,South Carolina,Greenville,
1047,1047,Nissan of Greer,34.94677,-82.210221,South Carolina,Spartanburg,
1048,1048,Grand Strand Nissan,33.753917,-78.965658,South Carolina,Horry,
1049,1049,Hudson Nissan,32.934522,-80.039343,South Carolina,Charleston,
1052,1052,Rock Hill Nissan,34.945197,-80.969333,South Carolina,York,
1053,1053,Benson Nissan,34.971931,-81.936956,South Carolina,Spartanburg,
1054,1054,Nissan of Sumter,33.956113,-80.385874,South Carolina,Sumter,
1055,1055,East Charlotte Nissan,35.167774,-80.742259,North Carolina,Mecklenburg,
1056,1056,Scott Clark Nissan,35.111292,-80.881867,North Carolina,Mecklenburg,
1058,1058,Modern Nissan - Lake Norman,35.467117,-80.872205,North Carolina,Mecklenburg,
1059,1059,Durham County - Justice Center Parking Deck,35.99289,-78.9014,North Carolina,Durham,
1061,1061,Martin Nissan,42.055712,-87.757895,Illinois,Cook,
1062,1062,Nissan of South Holland,41.598505,-87.5824,Illinois,Cook,
1064,1064,Bob Rohrman Nissan,41.604651,-87.110979,Indiana,Porter,
1067,1067,Ed Martin Nissan - Fishers,39.983623,-86.004756,Indiana,Hamilton,
1068,1068,Fort Wayne Nissan,41.12267,-85.154261,Indiana,Allen,
1069,1069,Ed Martin Nissan,39.779011,-86.046058,Indiana,Marion,
1070,1070,Hubler Nissan,39.644452,-86.131954,Indiana,Marion,
1071,1071,Nissan of Lafayette,40.418149,-86.837951,Indiana,Tippecanoe,
1072,1072,Southlake Nissan,41.469628,-87.284303,Indiana,Lake,
1073,1073,Gurley Leep Nissan,41.707652,-86.186717,Indiana,Saint Joseph,
1074,1074,Napleton Nissan - Schererville,41.497662,-87.470113,Indiana,Lake,
1076,1076,Briggs Nissan - Lawrence,38.929774,-95.261724,Kansas,Douglas,
1078,1078,Marshall Motor Co,38.770827,-97.614166,Kansas,Saline,
1079,1079,Capital City Nissan - Topeka,39.033021,-95.68261,Kansas,Shawnee,
1080,1080,Orr Nissan - Wichita,37.679034,-97.217163,Kansas,Sedgwick,
1082,1082,Kerry Nissan,39.003452,-84.654074,Kentucky,Boone,
1083,1083,Collins Nissan,38.185647,-85.642223,Kentucky,Jefferson,
1084,1084,Granite City Electric,41.963875,-70.699124,Massachusetts,Plymouth,
1085,1085,Indian Head Naval Base,38.597411,-77.178757,Maryland,Charles,
1086,1086,Asheboro Nissan,35.70458,-79.781748,North Carolina,Randolph,
1087,1087,Anderson Nissan,35.547866,-82.599474,North Carolina,Buncombe,
1088,1088,Black Mountain Public Safety Building,35.619218,-82.320192,North Carolina,Buncombe,
1089,1089,AutoStar Nissan - Boone,36.222859,-81.63402,North Carolina,Watauga,
1090,1090,Leith Nissan,35.7390019,-78.8138134,North Carolina,Wake,
1091,1091,Woodfield Nissan,42.050116,-88.097379,Illinois,Cook,
1092,1092,Thomas Nissan - Joilet,41.548858,-88.12682,Illinois,Will,
1093,1093,Liberty Nissan,42.271355,-87.949478,Illinois,Lake,
1094,1094,Anderson Nissan,42.267854,-88.98865,Illinois,Winnebago,
1095,1095,Hawkinson Nissan,41.505031,-87.748285,Illinois,Cook,
1097,1097,Al Piemonte Nissan,41.907344,-87.854085,Illinois,Cook,
1099,1099,Gerald Nissan,41.766972,-88.187306,Illinois,Dupage,
1100,1100,Star Nissan,42.01155,-87.771151,Illinois,Cook,
1101,1101,Kelly Nissan,41.720728,-87.728594,Illinois,Cook,
1102,1102,Orland Park Nissan,41.602458,-87.827796,Illinois,Cook,
1105,1105,Autocenters Nissan,38.857818,-90.067243,Illinois,Madison,
1106,1106,Schneider Electric - Visitor Lot,41.941296,-91.67738,Iowa,Linn,
